中文文件名,原英文文件名
音效/机器人_没电停机.ogg,sfx/sfx_power_down_death.ogg
音效/机器人_存档点重生.ogg,sfx/sfx_respawn.ogg
音效/机器人_掉落重来.ogg,sfx/sfx_fall_reset.ogg
音效/第4站_碰水短路.ogg,sfx/sfx_short_circuit.ogg
音效/第4站_被火烫.ogg,sfx/sfx_fire_burn.ogg
音效/全程_回忆点亮.ogg,sfx/sfx_memory_restored.ogg
音效/机器人_攀爬边缘.ogg,sfx/sfx_robot_mantle.ogg
音效/开场_书本晃动翻倒.ogg,sfx/sfx_book_topple.ogg
音效/开场_推起相框.ogg,sfx/sfx_frame_stand_up.ogg
音效/第1站_鼓砸跷跷板.ogg,sfx/sfx_drum_on_seesaw.ogg
音效/第2站_橡皮填洞.ogg,sfx/sfx_eraser_fill_hole.ogg
音效/第3站_8bit_蝙蝠扇翅.ogg,sfx/sfx8_bat_flap.ogg
音效/第3站_8bit_炮台发射.ogg,sfx/sfx8_turret_shoot.ogg
音效/第3站_8bit_木板桥抖动.ogg,sfx/sfx8_plank_shake.ogg
音效/第3站_8bit_木板掉落.ogg,sfx/sfx8_plank_fall.ogg
音效/第3站_8bit_打在盾上.ogg,sfx/sfx8_shield_clang.ogg
音效/第3站_8bit_骑士突刺.ogg,sfx/sfx8_knight_thrust.ogg
音效/第3站_8bit_骑士被打败.ogg,sfx/sfx8_knight_defeated.ogg
音效/第3站_8bit_投币续关.ogg,sfx/sfx8_insert_coin.ogg
音效/第3站_8bit_城门关上.ogg,sfx/sfx8_gate_shut.ogg
音效/第3站_8bit_恶龙吼叫.ogg,sfx/sfx8_dragon_roar.ogg
音效/第3站_8bit_恶龙火球.ogg,sfx/sfx8_dragon_fireball.ogg
音效/第3站_8bit_恶龙冲刺.ogg,sfx/sfx8_dragon_lunge.ogg
音效/第3站_8bit_恶龙晕眩.ogg,sfx/sfx8_dragon_dazed.ogg
音效/第3站_8bit_恶龙甩尾.ogg,sfx/sfx8_dragon_tail.ogg
音效/第3站_8bit_恶龙被打败.ogg,sfx/sfx8_dragon_defeated.ogg
音效/第3站_8bit_救出公主.ogg,sfx/sfx8_rescue_fanfare.ogg
音效/第3站_电视关机.ogg,sfx/sfx_tv_power_off.ogg
音效/第3站_时光盒打开.ogg,sfx/sfx_time_box_open.ogg
音效/第4站_水槽崩塌.ogg,sfx/sfx_sink_collapse.ogg
音效/第4站_塞子弹开.ogg,sfx/sfx_plug_pop.ogg
音效/第4站_积水流走.ogg,sfx/sfx_drain_gurgle.ogg
音效/第4站_水壶加热震动.ogg,sfx/sfx_kettle_rumble.ogg
音效/第4站_水壶鸣笛.ogg,sfx/sfx_kettle_whistle.ogg
音效/第4站_电磁铁嗡嗡_循环.ogg,sfx/sfx_magnet_hum_loop.ogg
音效/第4站_电磁铁吸住.ogg,sfx/sfx_magnet_clamp.ogg
音效/第4站_电磁铁松开.ogg,sfx/sfx_magnet_release.ogg
音效/第4站_灶火蹿起_01.ogg,sfx/sfx_burner_flare_01.ogg
音效/第4站_灶火蹿起_02.ogg,sfx/sfx_burner_flare_02.ogg
音效/第4站_灶火蹿起_03.ogg,sfx/sfx_burner_flare_03.ogg
音效/第4站_灶火蹿起_04.ogg,sfx/sfx_burner_flare_04.ogg
音效/第4站_灶火蹿起_05.ogg,sfx/sfx_burner_flare_05.ogg
音效/第4站_导轨滑行_循环.ogg,sfx/sfx_rail_slide_loop.ogg
音效/第4站_碰到餐具_01.ogg,sfx/sfx_cutlery_hit_01.ogg
音效/第4站_碰到餐具_02.ogg,sfx/sfx_cutlery_hit_02.ogg
音效/第4站_碰到餐具_03.ogg,sfx/sfx_cutlery_hit_03.ogg
音效/第4站_碰到餐具_04.ogg,sfx/sfx_cutlery_hit_04.ogg
音效/第4站_敲杯子一声.ogg,sfx/sfx_mug_ring.ogg
音效/第4站_面包机计时_循环.ogg,sfx/sfx_toaster_tick_loop.ogg
音效/第4站_微波炉开门推砧板.ogg,sfx/sfx_microwave_door_board.ogg
音效/界面_移动.ogg,sfx/sfx_ui_move.ogg
音效/界面_确认.ogg,sfx/sfx_ui_confirm.ogg
音效/界面_返回.ogg,sfx/sfx_ui_back.ogg
音效/界面_暂停.ogg,sfx/sfx_ui_pause.ogg
音效/第3站_进入电视穿梭.ogg,sfx/sfx_tv_warp_enter.ogg
音效/第3站_离开电视穿梭.ogg,sfx/sfx_tv_warp_exit.ogg
音效/第2站_推小木板.ogg,sfx/sfx_board_push.ogg
音效/门_扭把手加开门_完整.ogg,sfx/sfx_door_open_full.ogg
音效/门_开门吱呀.ogg,sfx/sfx_door_open_creak.ogg
音效/门_门把手扭动.ogg,sfx/sfx_door_handle_turn_01.ogg
音效/机器人_履带行进_小号_循环.ogg,sfx/sfx_robot_tracks_loop_small.ogg
音效/机器人_履带启动_小号.ogg,sfx/sfx_robot_tracks_start_small.ogg
音效/机器人_履带停下_小号.ogg,sfx/sfx_robot_tracks_stop_small.ogg
音效/第1站_掉进毛绒堆_轻.ogg,sfx/sfx_plush_land_01.ogg
音效/第1站_掉进毛绒堆_中.ogg,sfx/sfx_plush_land_02.ogg
音效/第1站_掉进毛绒堆_重.ogg,sfx/sfx_plush_land_03.ogg
音效/机器人_履带启动.ogg,sfx/sfx_robot_tracks_start.ogg
音效/机器人_履带停下.ogg,sfx/sfx_robot_tracks_stop.ogg
音效/第1站_积木摩擦短_01.ogg,sfx/sfx_block_rub_short_01.ogg
音效/第1站_积木摩擦短_02.ogg,sfx/sfx_block_rub_short_02.ogg
音效/第1站_积木摩擦短_03.ogg,sfx/sfx_block_rub_short_03.ogg
环境声/全程_远处蛙鸣_循环.ogg,amb/amb_frogs_far_loop.ogg
环境声/夜晚事件_醉汉被骂完整版_01.ogg,amb/amb_drunk_event_01.ogg
环境声/夜晚事件_醉汉被骂完整版_02.ogg,amb/amb_drunk_event_02.ogg
环境声/夜晚事件_邻居喊闭嘴_01.ogg,amb/amb_neighbour_shut_up_01.ogg
环境声/夜晚事件_邻居喊闭嘴_02.ogg,amb/amb_neighbour_shut_up_02.ogg
雨夜/雨夜_完整背景_循环.ogg,amb/amb_rainy_night_full_loop.ogg
雨夜/雨声_循环.ogg,amb/amb_rain_loop.ogg
雨夜/下雨加雷声_循环.ogg,amb/amb_rain_thunder_loop.ogg
雨夜/近处雷声_01.ogg,amb/amb_thunder_near_01.ogg
雨夜/远处雷声_02.ogg,amb/amb_thunder_far_02.ogg
雨夜/远处雷声_03.ogg,amb/amb_thunder_far_03.ogg
雨夜/雨中蛙鸣_循环.ogg,amb/amb_frogs_rain_loop.ogg
雨夜/隔墙婴儿啼哭.ogg,amb/amb_baby_cry_muffled.ogg
雨夜/隔墙妈妈低语安抚.ogg,amb/amb_mother_whisper_muffled.ogg
雨夜/隔墙妈妈哼主旋律.ogg,amb/amb_mother_hum_theme_muffled.ogg
雨夜/婴儿哭到被哄睡_完整段.ogg,amb/amb_nursery_sequence.ogg
音效/第1站_弹簧duang_01.ogg,sfx/sfx_spring_duang_01.ogg
音效/第1站_弹簧duang_02.ogg,sfx/sfx_spring_duang_02.ogg
环境声/夜晚事件_醉汉碎碎念_01.ogg,amb/amb_drunk_mumble_01.ogg
环境声/夜晚事件_醉汉碎碎念_02.ogg,amb/amb_drunk_mumble_02.ogg
环境声/夜晚事件_醉汉碎碎念_03.ogg,amb/amb_drunk_mumble_03.ogg
环境声/窗外_远处汽车驶过.ogg,amb/amb_car_pass_far.ogg
环境声/窗外_汽车驶离小镇.ogg,amb/amb_car_leaving_town.ogg
环境声/全程_农村夜晚_循环.ogg,amb/amb_rural_night_loop.ogg
环境声/阶段混音1_童年少年_窗外_循环.ogg,amb/amb_stage1_youth_window_loop.ogg
环境声/阶段混音2_青年_窗外_循环.ogg,amb/amb_stage2_young_adult_window_loop.ogg
环境声/阶段混音3_中年_窗外_循环.ogg,amb/amb_stage3_middle_age_window_loop.ogg
环境声/阶段混音4_老年_窗外_循环.ogg,amb/amb_stage4_old_age_window_loop.ogg
环境声/窗外_喜鹊鸣唱_01.ogg,amb/amb_magpie_01.ogg
环境声/窗外_喜鹊鸣唱_02.ogg,amb/amb_magpie_02.ogg
环境声/窗外_喜鹊鸣唱_03.ogg,amb/amb_magpie_03.ogg
环境声/窗外_远处羊叫_01.ogg,amb/amb_sheep_far_01.ogg
环境声/窗外_远处羊叫_02.ogg,amb/amb_sheep_far_02.ogg
环境声/窗外_远处牛叫_01.ogg,amb/amb_cow_far_01.ogg
环境声/窗外_远处牛叫_02.ogg,amb/amb_cow_far_02.ogg
环境声/窗外_远处狗叫_01.ogg,amb/amb_dog_far_01.ogg
环境声/窗外_远处狗叫_02.ogg,amb/amb_dog_far_02.ogg
环境声/窗外_猫头鹰_01.ogg,amb/amb_mopoke_owl_01.ogg
环境声/窗外_猫头鹰_02.ogg,amb/amb_mopoke_owl_02.ogg
环境声/全程_老房子吱呀_01.ogg,amb/amb_house_creak_01.ogg
环境声/全程_老房子吱呀_02.ogg,amb/amb_house_creak_02.ogg
环境声/全程_老房子吱呀_03.ogg,amb/amb_house_creak_03.ogg
环境声/终章_来电后电流底噪_循环.ogg,amb/amb_mains_hum_loop.ogg
环境声/全程_风声_循环.ogg,amb/amb_wind_loop.ogg
音乐/旋律片段1_童年照片.ogg,music/frag1_photo.ogg
音乐/旋律片段2_妈妈的纸条.ogg,music/frag2_note.ogg
音乐/旋律片段3_答录机.ogg,music/frag3_answering_machine.ogg
音乐/旋律片段4_八音盒.ogg,music/frag4_musicbox.ogg
音乐/结局_亮灯之后.ogg,music/mus_ending.ogg
音乐/终章_灌电.ogg,music/mus_finale.ogg
音乐/主旋律_完整版.ogg,music/mus_theme_full.ogg
音乐/主旋律_探索_循环.ogg,music/mus_theme_loop.ogg
音乐/第3站_电视8bit_循环.ogg,music/mus_tv_8bit_loop.ogg
音效/第3站_8bit_打败小怪.ogg,sfx/sfx8_enemy_defeat.ogg
音效/第3站_8bit_受伤扣电.ogg,sfx/sfx8_hurt.ogg
音效/第3站_8bit_跳跃.ogg,sfx/sfx8_jump.ogg
音效/第3站_8bit_拾取.ogg,sfx/sfx8_pickup.ogg
音效/第3站_8bit_钳子挥击.ogg,sfx/sfx8_pincer_swing.ogg
音效/机器人_拾取电池.ogg,sfx/sfx_battery_pickup.ogg
音效/第1站_拖动积木_循环.ogg,sfx/sfx_block_drag_loop.ogg
音效/终章_空气开关合上.ogg,sfx/sfx_breaker_close.ogg
音效/开场_配电箱跳闸.ogg,sfx/sfx_breaker_trip.ogg
音效/机器人_电芯熄灭一格.ogg,sfx/sfx_cell_off.ogg
音效/给机关充电_循环.ogg,sfx/sfx_charge_hum_loop.ogg
音效/给机关充电_渐强10秒.ogg,sfx/sfx_charge_riser_10s.ogg
音效/机器人_按住E分电_循环.ogg,sfx/sfx_give_power_loop.ogg
音效/第1站_玩偶匣弹出.ogg,sfx/sfx_jackbox_pop.ogg
音效/第4站_水壶烧开_循环.ogg,sfx/sfx_kettle_boil_loop.ogg
音效/第2站_台灯开关.ogg,sfx/sfx_lamp_click.ogg
音效/第2站_台灯嗡鸣_循环.ogg,sfx/sfx_lamp_hum_loop.ogg
音效/开场_灯灭_01.ogg,sfx/sfx_light_off_01.ogg
音效/开场_灯灭_02.ogg,sfx/sfx_light_off_02.ogg
音效/终章_全屋亮灯.ogg,sfx/sfx_lights_on.ogg
音效/第4站_微波炉叮.ogg,sfx/sfx_microwave_ding.ogg
音效/第4站_微波炉嗡鸣_循环.ogg,sfx/sfx_microwave_hum_loop.ogg
音效/第2站_翻书_01.ogg,sfx/sfx_page_flip_01.ogg
音效/第2站_翻书_02.ogg,sfx/sfx_page_flip_02.ogg
音效/第2站_翻书_03.ogg,sfx/sfx_page_flip_03.ogg
音效/第2站_笔尖写字_循环.ogg,sfx/sfx_pen_scratch_loop.ogg
音效/第1站_毛绒回弹.ogg,sfx/sfx_plush_bounce.ogg
音效/机器人_低电量嘀.ogg,sfx/sfx_power_low_beep.ogg
音效/第5站_收音机沙沙_循环.ogg,sfx/sfx_radio_static_loop.ogg
音效/第5站_收音机调频.ogg,sfx/sfx_radio_tune.ogg
音效/机器人_启动.ogg,sfx/sfx_robot_boot.ogg
音效/机器人_互动.ogg,sfx/sfx_robot_interact.ogg
音效/机器人_跳跃蓄力.ogg,sfx/sfx_robot_jump_charge.ogg
音效/机器人_弹簧起跳_01.ogg,sfx/sfx_robot_jump_release_01.ogg
音效/机器人_弹簧起跳_02.ogg,sfx/sfx_robot_jump_release_02.ogg
音效/机器人_落地_01.ogg,sfx/sfx_robot_land_01.ogg
音效/机器人_落地_02.ogg,sfx/sfx_robot_land_02.ogg
音效/机器人_落地_03.ogg,sfx/sfx_robot_land_03.ogg
音效/机器人_履带行进_循环.ogg,sfx/sfx_robot_tracks_loop.ogg
音效/第1站_跷跷板弹射.ogg,sfx/sfx_seesaw_launch.ogg
音效/给自己充电_插电提示音.ogg,sfx/sfx_self_charge_plugin.ogg
音效/给自己充电_存档点长版.ogg,sfx/sfx_self_charge_savepoint.ogg
音效/第4站_煎炒_循环.ogg,sfx/sfx_sizzle_loop.ogg
音效/第4站_蒸汽托举.ogg,sfx/sfx_steam_puff.ogg
音效/第4站_面包机压杆.ogg,sfx/sfx_toaster_lever.ogg
音效/第4站_面包机弹起.ogg,sfx/sfx_toaster_pop.ogg
音效/第1站_玩具火车_循环.ogg,sfx/sfx_toy_train_loop.ogg
音效/第1站_小火车鸣笛.ogg,sfx/sfx_toy_train_whistle.ogg
音效/第1站_电动小车_循环.ogg,sfx/sfx_toycar_motor_loop.ogg
音效/第4站_上发条.ogg,sfx/sfx_windup_key.ogg
音效/全程_轻微碰撞_01.ogg,sfx/sfx_bump_light_01.ogg
音效/全程_轻微碰撞_02.ogg,sfx/sfx_bump_light_02.ogg
音效/全程_轻微碰撞_03.ogg,sfx/sfx_bump_light_03.ogg
音乐/第2站_书桌迷宫_恐怖_循环.ogg,music/mus_desk_maze_loop.ogg
广播/第5站_广播1_晚间问候与旱情.ogg,vo/vo_radio_01.ogg
广播/第5站_广播2_羊毛价格.ogg,vo/vo_radio_02.ogg
广播/第5站_广播3_学校合并.ogg,vo/vo_radio_03.ogg
广播/第5站_广播4_银行关闭.ogg,vo/vo_radio_04.ogg
广播/第5站_广播5_晚安.ogg,vo/vo_radio_05.ogg
广播/第5站_广播连播.ogg,vo/vo_radio_sequence.ogg
